Salary,Job Satisfaction,Years of Experience,Employment Status
56.217808319315374,2.666196359547577,7,stay
96.55000144869413,5.877108526405223,3,stay
81.23957592679835,8.856512522887675,14,stay
71.90609389379256,7.590023977686051,10,stay
40.921304830970556,8.259050330753048,16,stay
40.91961642353419,6.929050300396456,16,leave
34.06585285177396,7.230489080660672,10,stay
90.63233020424546,8.642760864087872,13,stay
72.07805082202461,3.2470120797326736,6,stay
79.56508044572318,5.404824672788264,12,stay
31.440914600706172,2.99088497637642,9,leave
97.8936896513396,9.889012071969823,13,stay
88.27098485602951,9.49653405717952,4,stay
44.863737747479334,1.354841302316553,11,leave
42.72774770449704,7.350176552641196,18,stay
42.83831568974037,9.327234856740992,11,stay
51.29695700716764,2.6251781061460018,4,stay
66.73295021425665,6.111507074973665,18,stay
60.2361513049481,9.239394678292376,1,stay
50.386039813862936,1.3055138072721895,7,stay
72.82970263056657,7.276782405221559,6,stay
39.76457024564293,3.676141066352957,15,leave
50.45012539746527,9.319565758388773,18,stay
55.645329030558415,9.73952420648831,11,stay
61.92489889519251,9.498398402020905,15,stay
84.96231729751095,5.267927949917174,16,stay
43.97716475108518,8.758383858903821,7,stay
65.9964106889528,8.600944586815633,10,stay
71.46901982034296,3.871904259189301,12,stay
33.25152889039984,8.460239267356096,14,stay
72.5281396331007,1.3330687124394336,5,stay
41.936688658110405,6.366428906338477,18,leave
34.55361150896957,3.0700795355893273,5,leave
96.42198760773333,2.0851019719955093,3,stay
97.59424231521916,1.6925788146628824,5,stay
86.58781436815228,7.266598982903258,17,stay
51.32296384213595,4.058874673912595,19,stay
36.83704798044687,7.522900943758853,19,stay
77.89631185585098,1.5882070671904813,12,stay
60.81067456177209,3.837613040475493,9,stay
38.54267643913452,5.855421631378035,1,leave
64.6623837077889,8.116508483550671,18,stay
32.40719647806529,3.8687725263886295,4,leave
93.65242814551475,6.633022387933082,10,stay
48.11459871200118,8.973799734125684,7,stay
76.37655990477873,6.542768693640741,1,stay
51.819775326258764,3.096635272782704,17,stay
66.40476148244676,1.2196070340088423,2,stay
68.26971955402958,8.830889865108368,11,stay
42.93981188678689,1.1914246976534844,9,leave
97.8709239435191,8.872315054157795,7,stay
84.25929763527802,5.760434206244907,17,stay
95.76492590949324,9.451609286616065,17,stay
92.63791452993541,8.189049121962988,2,stay
71.85299851677595,9.981406994800038,6,stay
94.53119645161817,4.156406339065391,14,stay
36.194475143634364,7.904694600380142,6,stay
43.718800369340165,4.617378222483179,2,leave
33.16591022373766,5.318880582735179,1,leave
52.7731231534285,6.64754916896533,10,stay
57.20741027826374,8.863094027677048,5,stay
48.99443222417271,9.856751222793656,2,stay
88.01162564063506,7.914460724780664,16,stay
54.97273286855125,4.759901039506004,2,stay
49.66541567811665,4.792213020493632,10,leave
67.9887258210774,7.638240714300023,2,stay
39.86469574823339,3.148994311914721,16,leave
86.15378865278278,1.994267018182552,16,stay
35.21854505758396,4.191599418766989,19,leave
99.08208556203621,3.5851509248867357,7,stay
84.05713385076602,3.6667730841039106,12,stay
43.91009770739207,3.1024697594491895,15,leave
30.386548198652168,1.378838706727257,8,leave
87.0822999918384,1.1608654126007243,6,stay
79.48001406933321,9.889501507624283,10,stay
81.03050176286911,4.849958203622761,3,stay
83.9889242680162,4.4589398244371345,19,stay
35.183125621386324,7.116825544237629,17,stay
55.09260099809909,2.9642849907855773,7,stay
38.110834166759076,9.549650655552028,4,stay
90.41723981129155,8.07710512973997,14,stay
73.63086887792906,1.8046990208103355,15,stay
53.16286173968544,4.758226982064356,8,stay
34.44908452002166,8.912064768059482,15,stay
51.76876252009635,9.502588200622693,14,stay
52.76283254187229,5.2066136012488275,9,stay
81.07243248366449,6.520702502896369,8,stay
74.62902299486493,2.503305514828677,17,stay
92.10489198034286,9.92051763523279,2,stay
63.055044761336454,3.0850453124509905,3,stay
38.37159721568112,9.48458596721613,8,stay
79.92713510560965,6.846819840931316,12,stay
83.25495340318282,6.469631153909732,1,stay
69.28940382986474,5.614196599148578,10,stay
83.96770259681927,3.076028305459828,3,stay
64.56569174550735,2.5887522880495744,6,stay
66.59129805673959,2.9843758816315784,7,stay
59.927871285098476,2.6779443592982908,18,stay
31.77933887208666,8.01626026210078,11,stay
37.552399889531316,4.151127332500571,19,leave
32.200042998071396,1.5205840890705673,5,leave
74.54872878846463,9.721923671267302,19,stay
52.004918675342864,8.954072964670832,11,stay
65.5999483815292,9.349770548756917,12,stay
93.5296531748265,9.954170403817917,10,stay
47.450456040421244,2.5650572429753855,8,leave
58.72680461249408,4.566178170123929,9,stay
82.88857969801342,7.824146281336822,4,stay
46.015871584413574,7.26418556248413,5,stay
35.38859368801551,2.3850631570586955,8,leave
50.28260170396376,8.34249812491556,9,stay
41.285490107780305,3.019965146529946,15,leave
95.07883566398012,3.0143585334036076,15,stay
86.56842656950919,5.832769806040722,16,stay
74.33826295572965,6.336459413575328,14,stay
91.00224131314025,6.220775870540301,8,stay
86.257045382938,1.8233815365797938,18,stay
43.05990412202251,8.897147763673424,10,stay
92.47912989429844,3.3904003832983545,6,stay
67.75395693409556,2.1656342915452376,12,stay
86.52081086148438,8.998732718820794,2,stay
92.72639099464453,9.60086348406778,7,stay
52.26024324803047,8.759148555389055,16,stay
37.70363471693737,8.285644672523903,3,stay
45.95546137793592,6.8971778257511955,13,leave
59.89754520383794,5.957716335482254,3,stay
87.26103361457452,1.7828808392026914,18,stay
90.25114082794404,4.676078917636288,11,stay
30.48664913718335,4.354196653110826,8,leave
65.7523111804296,3.337784053842936,6,stay
59.21877022041453,7.510781023197264,1,stay
45.54754673295112,5.4628816157089375,1,leave
38.3905757133578,1.7294159431688314,8,leave
53.63306199825396,2.981648817548302,5,stay
96.00367927387634,7.149328872936364,16,stay
52.62420524145287,1.6851777354127018,11,stay
66.31534352203562,8.660862226438919,5,stay
79.21132712266245,5.4563187431257685,4,stay
55.454072166550574,5.325279195939832,6,stay
98.02474579046725,6.331670061935658,14,stay
97.37131064594779,8.422128693326343,19,stay
47.62476070777549,4.1302828711197375,9,leave
64.80739541246697,7.102145373031572,12,stay
51.06148168717388,6.09158767596212,11,stay
49.93883460642273,3.403254431524792,14,leave
32.582086314817296,8.907669877196422,16,stay
72.66950337859278,8.176834194462353,1,stay
65.1875316260203,6.926066511925829,13,stay
33.60351258749925,8.655235561848176,13,stay
49.505252496562804,8.805647808638222,2,stay
93.57861201766576,7.3752667904353135,4,stay
46.769332346688074,8.533119955273047,6,stay
40.14264104638562,7.277243155023553,5,stay
64.26169321942942,7.121266945842704,3,stay
98.99553178774205,6.5675024039366585,1,stay
46.94386900580503,7.774449756018771,4,stay
77.0494883184115,2.427445947637663,2,stay
83.31337307301024,8.927836832790355,5,stay
46.63462807946797,8.846591749707088,3,stay
80.97514440283017,1.2632255473110323,9,stay
55.74481929034772,8.432350755082865,6,stay
74.26140814155056,2.1598288072610066,18,stay
74.34707975326262,4.016069688332277,6,stay
67.50422788523309,7.69157430662447,19,stay
36.32028390380858,2.4468390644347737,12,leave
88.47117469124666,8.36170321707156,11,stay
52.45460454802151,8.489207601619677,2,stay
43.0562957279898,5.567209603847526,15,leave
32.85425990883348,1.0574728454515023,12,leave
71.36250602317693,3.583343198574215,12,stay
77.42950532895978,6.55234226538168,9,stay
31.16114802494993,9.830675602246812,2,stay
65.84651408094967,6.686321743150016,3,stay
45.85470426385566,3.338232229577438,12,leave
75.1620953286615,6.706051327896502,16,stay
42.2056500303494,5.8598684174427,1,leave
78.36564166717261,8.018608556360292,3,stay
57.07147424103762,1.9628257494426258,2,stay
95.57109921157142,7.849251122518252,9,stay
39.62646609021952,5.871399208084992,19,leave
53.8746445735181,9.666928034730951,15,stay
37.943146486841236,4.076849494348175,18,leave
94.7285532794994,6.693597038205533,11,stay
91.41375473666866,9.388252949590157,16,stay
48.05591394006089,1.9225875519161133,17,leave
76.19888322239254,9.43505638512806,5,stay
87.20555401408511,7.19097150070732,12,stay
68.86405681196237,1.610533531946547,11,stay
67.07554048492045,3.708672102521346,15,stay
46.929660363031616,7.373548797807534,3,stay
36.51719374641294,1.6061554132189453,1,leave
92.80510305673288,6.23953414158646,16,stay
93.02926400143313,4.112947512576611,2,stay
74.31710200912875,6.588239659907294,2,stay
53.73208537340905,1.4116783043126158,3,stay
54.44467022288626,8.843831255371386,8,stay
80.81689752091675,9.761400722596573,15,stay
92.79771819668039,9.719900697571223,7,stay
92.0960496985582,7.746866485686322,6,stay
84.59128821003367,2.170776161175688,9,stay
74.94221523080014,7.824368763361203,1,stay
35.889797549653416,1.2212822481292136,8,leave
41.31400998662296,1.1991119637609753,3,leave
92.89879319689555,3.912491972345871,4,stay
72.4500341761713,5.397788713641992,15,stay
30.643793613164075,7.933666760270139,6,stay
37.103008000622246,7.149658389458547,15,stay
76.4451238375639,5.013124357390735,3,stay
30.35431086923531,3.462639996534993,14,leave
41.256563599224904,9.9741205014194,14,stay
68.41136525566102,4.835631720123756,4,stay
78.43266383848854,5.062483218967079,12,stay
75.63728816518204,2.4726143907250226,17,stay
45.698851662239186,8.153285938749365,7,stay
79.8525454943275,7.243140032033398,9,stay
46.607436124776,2.9869265150988435,3,leave
52.77797887114874,1.7414294105425843,13,stay
82.25439835826168,7.124493718672418,15,stay
75.47430293330503,6.890600928530217,18,stay
89.44563873459245,3.459335742983884,19,stay
76.03290246102404,9.557772060253694,1,stay
69.78160223348301,2.3595210260281023,6,stay
36.55723374796647,4.891013209383417,2,leave
55.74010621416035,9.49254328150839,14,stay
48.564165737720785,4.7775458523351,6,leave
47.07927503653585,6.74673352897677,14,leave
98.11073883267119,4.578349581665148,4,stay
57.51684072667323,3.4679368211380304,8,stay
92.44325886239793,9.855798831638454,3,stay
74.1797038198084,4.684006056835387,19,stay
85.6367912479154,9.04689283311221,14,stay
65.18459651736345,3.0695914530197754,17,stay
70.38327192384514,2.9179423362257495,8,stay
64.47623856732048,1.2802067459606024,14,stay
43.66700914586312,6.865001428382966,6,leave
80.57164806830536,4.316737093513851,16,stay
49.654065370859904,8.779224248556734,19,stay
31.702117650201767,5.258889160224014,14,leave
75.18306071350175,9.713740851232496,19,stay
42.39774755849343,2.6697296413280904,3,leave
95.832100904704,8.817608511600497,10,stay
96.77500039018112,7.989371675125676,19,stay
94.0405073154314,7.938296601796468,9,stay
55.9111090178811,8.60304905305199,13,stay
31.08196315702072,7.84921591848699,7,stay
94.98229938114078,6.635982894682739,14,stay
59.972890382212,2.1812038991414884,9,stay
97.66583733305687,1.2927356154212672,19,stay
97.45339839624769,9.287630630341182,15,stay
89.71066188271521,6.549852830686643,14,stay
50.611422444870996,8.168835618785586,6,stay
56.956841002134766,5.33370116361295,4,stay
89.57956700617999,2.0557737006615504,8,stay
52.18454036093944,2.126672129822954,17,stay
41.864492268026474,7.170087585060743,9,stay
68.97608837208452,4.872753054095164,1,stay
95.53083419125467,2.8047225403030307,14,stay
78.7220857672481,5.424350920672932,11,stay
69.90428190625555,1.577880433676207,3,stay
36.8023545639538,6.237742617229589,9,leave
73.05050586894188,3.4209406399158793,14,stay
99.30376950729843,8.178031905734693,9,stay
39.80588106655668,3.793257630312164,4,leave
66.28307566546158,5.09698134173621,4,stay
91.41611503495687,1.1045848591729057,8,stay
81.85380324279431,1.65202199015103,2,stay
78.79110186966875,4.532442007660164,9,stay
79.17388587909764,5.319449512454112,14,stay
55.16438058538286,6.400184933073733,9,stay
50.55142909851453,3.624963208383729,16,stay
86.65528088349595,7.254836975138883,17,stay
86.70793762754266,8.741101574702842,16,stay
90.69506230060726,8.018658900040148,12,stay
93.92683867895299,1.3565694281352143,3,stay
65.79396792026564,5.32456252532046,11,stay
65.10614062810397,1.9443716057635738,14,stay
85.88066252767426,3.178405142762747,18,stay
75.49747515444356,9.879963339404318,5,stay
79.13768140803924,2.282459886113619,16,stay
85.70548686052707,5.489993381062204,5,stay
92.30037392722964,6.563401608863072,3,stay
53.65966097960751,7.322184734896935,12,stay
56.29080668479608,6.036838151382227,1,stay
36.57873578886083,1.087937626772653,9,leave
70.47960986973217,3.938151774195927,9,stay
32.515959165771946,5.6594047904624025,4,leave
62.59186126927221,1.7907984923035003,3,stay
67.98512442953037,4.155642380882627,17,stay
50.05788764897991,1.298827979122299,2,stay
71.35832823983075,1.7072064743951867,1,stay
32.13501749573346,4.5723094858143645,8,leave
32.61437321244501,2.194441786387543,13,leave
87.58203924617608,6.107867634354023,15,stay
55.21334489878841,7.2051847222353915,8,stay
38.894235885631936,8.205280291981746,12,stay
66.5570282038363,2.8013521982032907,12,stay
83.89954871690276,2.507343240331628,14,stay
45.10747192477902,1.9411105630096022,15,leave
73.60233330733001,6.72787224589273,15,stay
35.97432254956376,7.35828153838211,9,stay
33.617720481802536,1.2842753034307783,19,leave
67.19482420977036,9.42591021619321,8,stay
67.84445851270746,1.4677415528632518,19,stay
74.62009310487446,5.871667017709634,6,stay
80.82639336058631,7.381544675058247,19,stay
98.30964556237743,8.83872211371477,4,stay
66.14102438108367,7.4267823891918505,7,stay
52.606953105887214,8.215552747628127,4,stay
85.66303363380925,4.0550517328852544,12,stay
48.95825758834519,8.33342602371861,13,stay
60.72799944939453,1.7210336174620764,3,stay
35.49194669395862,9.05334990454475,12,stay
31.774552039082025,5.928331385383626,2,leave
97.38538902745475,8.355679929662443,2,stay
88.51860843585442,5.070864560664702,9,stay
78.71819442655885,6.792199256768725,1,stay
58.62670610899889,5.737623948425019,8,stay
42.130602404959205,7.584305695797987,6,stay
40.95059298697602,1.7346698382753063,6,leave
47.51700287152167,1.5431687559150742,18,leave
68.44586652942843,3.223929106091318,17,stay
80.02171458900436,2.435902121018695,12,stay
76.21381637024119,8.846052099329814,6,stay
49.595372786216004,2.9729258862223986,8,leave
96.84056964642359,9.782787302372181,19,stay
81.65278416870379,4.032062125939961,10,stay
68.80478367579805,2.6390612411982937,1,stay
72.82045223640466,8.107286564282312,13,stay
59.372004369945294,6.928369979507885,17,stay
47.34116926508102,5.483761448078251,3,leave
54.91808750558831,5.998271958438681,8,stay
83.04922773250584,7.472816004450374,14,stay
31.00754420408291,3.0560926719816885,3,leave
38.12508483548414,9.967005244510677,16,stay
33.22018494152269,9.773138459321048,13,stay
32.85101616232791,6.852931177122432,17,leave
89.8822408807705,2.7958820583623063,13,stay
79.25605015660166,7.122054181881622,6,stay
63.19216803611276,1.6497856808125826,17,stay
36.848391245570106,1.2758725198522547,14,leave
64.41311125817826,3.3191459966009234,17,stay
63.143023954639595,5.163606610653847,8,stay
42.124130893701064,8.814452548675424,11,stay
60.369615446658116,7.544521627896772,1,stay
57.895331407816144,7.684358690799829,7,stay
73.10950686365516,4.829440010032679,17,stay
74.45655556073507,4.113414932922666,10,stay
33.17128068404312,4.339348866861425,11,leave
56.22288302385299,9.88884607362452,9,stay
73.81019409999655,1.3609827227123423,9,stay
65.21953810060614,8.803283465102037,5,stay
89.95428888318256,6.208078677151541,17,stay
76.10855421332616,4.947538772706315,9,stay
41.405409895700075,7.527318943736229,17,stay
34.93981231803009,5.380020472822325,19,leave
74.96934947444208,8.860809142734945,7,stay
31.855791737913528,9.106316776101327,9,stay
71.00429068914244,4.795488341861098,7,stay
95.81611689974703,3.4914501751154643,13,stay
70.28319245131152,6.33115295734026,11,stay
57.17189483445654,9.211270110550219,14,stay
75.03017529096472,2.895959701050999,19,stay
62.07770233440616,6.606699252071345,11,stay
68.19317525211545,6.684041980832685,13,stay
95.90253661435676,7.5980172017375285,14,stay
57.027184646054195,2.1841091661453382,13,stay
97.283339467674,7.442424682138797,1,stay
93.37454493692447,9.181292685990769,8,stay
43.70537943525075,2.6171479798321777,12,leave
34.85529106126158,3.1378899243148988,19,leave
37.05446009641987,9.742555846374756,12,stay
31.275527795608483,2.628792574385408,8,leave
36.61100725291499,8.689465840326212,8,stay
77.81047413914499,5.430500708032313,13,stay
34.98320539221603,3.2250796696285935,12,leave
52.32829412056329,8.836749111452603,16,stay
89.14127176786181,5.007747295023989,1,stay
31.62903550150781,5.633356185367211,13,leave
87.0127937812255,4.233100324597891,7,stay
49.729834234137996,6.3365576629143465,5,leave
38.27153793351594,2.4717148532652047,8,leave
78.77160157549054,4.519733829865846,14,stay
74.02599927459188,9.724710901017588,13,stay
91.4230409468937,3.3232008943101476,15,stay
81.454973066272,6.910629980871629,17,stay
86.24366512693939,3.926710578022254,15,stay
49.742420079991454,7.961258131179406,18,stay
42.4207680645806,2.177862946465148,18,leave
82.54303261486008,9.728389405706903,2,stay
86.47843174870849,5.084105872452753,4,stay
99.33535994004713,3.1244541701181756,1,stay
58.88323738379985,1.6614707259701138,4,stay
56.04126600549482,2.5278211457878665,18,stay
84.34890725193978,5.677965537004159,5,stay
53.85624781771125,4.033028587881576,19,stay
95.15301279224953,8.459950292943486,15,stay
90.08889262901083,4.877987712956253,8,stay
60.02958191625129,3.238428453288669,17,stay
82.56097474540482,6.554304879436271,1,stay
82.81800118592776,7.360994951969012,12,stay
37.218670818515285,2.5033771711085486,19,leave
93.17870346756968,2.508572946594859,15,stay
65.36766607135,1.3300428424018866,9,stay
87.85202262754191,7.627618135590764,7,stay
52.40347207214282,6.974240748596245,2,stay
92.68662599473403,5.2716778817483245,9,stay
57.24411751139142,8.597534040722774,10,stay
30.758635603620885,8.251031376550479,2,stay
93.37673834934846,6.26818927957077,19,stay
36.390067375029346,8.814441524619328,11,stay
52.351954631329036,2.8525708903309144,13,stay
96.50433769355635,2.007276574579551,10,stay
96.54250028562893,3.4277465036529065,14,stay
70.14065216863003,1.5137817048038338,18,stay
74.22860485188595,5.780525752009288,19,stay
61.39118653848239,9.429451230654653,9,stay
50.52475401886451,1.3540918660165868,7,stay
53.006518175894115,2.098989226090241,3,stay
77.0762919253927,5.069791254550918,6,stay
82.66621706063759,9.404875157751144,2,stay
85.4105330608094,3.8454049447907543,6,stay
85.27326999561878,5.565113278195532,3,stay
36.38442721340833,1.3741557314535289,16,leave
64.6094213291807,2.3350888086587998,8,stay
34.0291132011651,9.879671106629623,2,stay
68.46702176266149,9.68606826792441,17,stay
60.907135096136386,1.0444598284096864,9,stay
92.13929279308098,9.566306068809151,12,stay
54.5640508786455,6.752079440339504,3,stay
38.19469114993241,8.811264650680199,11,stay
40.009417743698506,5.092658700704732,1,leave
83.30574422022306,5.640364257213252,13,stay
73.27526443213827,5.399619222312282,15,stay
37.07858732859532,7.001778317914939,5,stay
35.88747642804982,2.256861292806816,17,leave
79.0678392021384,1.2697623088541015,6,stay
35.09341044549355,3.7713694743207182,11,leave
87.53020415032493,7.342126864629821,18,stay
79.43695590095473,2.816681069106535,4,stay
35.69441464493298,7.060891899924256,3,stay
35.938639985963434,9.729208414965434,13,stay
99.06477049508229,1.8451064421047656,9,stay
56.19895570292842,7.053419064026136,6,stay
55.944950294682364,4.993751973741141,12,stay
86.89596970802518,8.813280289397548,2,stay
96.30740041687011,2.594348105026473,3,stay
99.02007446760096,7.23363357003548,3,stay
82.73647296812592,8.543037606832993,12,stay
56.338170987164105,9.501527975266209,15,stay
35.845050168906816,7.1492322546068126,9,stay
84.40028411492057,5.474572876075846,8,stay
69.08829748150634,6.560625161810925,11,stay
59.69554064728834,8.820144860308464,16,stay
93.44480695663151,6.1354877197494675,4,stay
37.7838237614306,1.2734835372715319,1,leave
64.48375730036014,9.3785382595628,7,stay
30.794755133719335,7.20574075928405,2,stay
62.80624493958884,7.088620471995219,5,stay
33.94122929772861,2.9410763715794546,7,leave
38.31725413876504,6.929969232093915,4,leave
38.22683727439734,4.544779650887426,5,leave
75.44472114812444,6.861096793373429,1,stay
82.22314154857963,1.9593372727719165,1,stay
70.83581355680117,6.920607741427324,15,stay
97.35207839321794,9.994723531936,19,stay
56.24094056665928,1.4339083497450043,10,stay
49.99984603973025,9.794567657991855,18,stay
90.80193897326222,4.662171646505835,3,stay
45.65170869636168,8.836781053035333,11,stay
97.4255777608428,8.04146935652446,15,stay
30.850813228287144,6.10314634888001,11,leave
97.89151786953474,7.646042883261939,17,stay
33.02119383654033,8.906640051712131,17,stay
92.38001795886498,4.637262894859297,6,stay
66.93907763604099,3.943298454069148,5,stay
99.50753572835103,7.0083404700722625,8,stay
35.16575953147792,8.270613477471327,2,stay
68.76979990809245,7.860566212989542,16,stay
97.85117749333693,8.18032283972771,12,stay
66.61684909191041,4.920249833316397,6,stay
74.05790466946837,8.360507945575193,1,stay
78.7024082289232,2.081881498335476,4,stay
61.817874533744124,5.900401881647646,17,stay
73.92906560588443,1.0518279444830942,13,stay
70.90200183461701,3.9212724691024325,18,stay
93.08106073436923,4.298153813842581,5,stay
33.18124662390205,4.565554224483298,3,leave
49.66742327145612,7.25920486020876,11,stay
96.52880388535911,4.4970229114331115,13,stay
92.31846487236413,5.038242603602776,4,stay
61.895972694999905,3.1378971778689473,14,stay
73.40928184610758,4.35926612466406,11,stay
49.41668280867928,3.045426645368363,10,leave
43.16848118066329,1.6587633139159927,19,leave
62.45888834579875,6.431037340432401,18,stay
54.7346559618237,7.013915186995146,6,stay
70.85592782956104,6.575413114086531,15,stay
35.44142458754894,5.171446394205152,10,leave
98.20763653663165,4.418072021613068,5,stay
99.0347521135722,8.770002846146427,5,stay
78.87131998138216,5.671736066225963,10,stay
67.52674564408844,5.312636898667579,5,stay
51.66693314004294,1.2307785922579213,3,stay
86.96565137948642,4.071230448635407,6,stay
77.93118207877154,4.421760569072713,4,stay
41.38318575414239,4.589405028072104,18,leave
93.76490291456898,6.221551323045991,9,stay
87.57760700462183,5.802422920541906,17,stay
96.48599393043469,6.471145835141002,13,stay
80.8003655871852,7.883949353879155,15,stay
72.93906371550528,8.316871648444842,17,stay
59.27701254034332,7.46310768603845,13,stay
95.29099383478093,9.599713263594412,16,stay
90.62447226502859,1.1640932440872547,4,stay
33.16530690743326,2.7620018711519148,5,leave
31.84568821480764,1.068065874803279,5,leave
56.352435681463476,6.827272427391427,9,stay
86.7387331547283,9.082274940549881,17,stay
99.1093290520461,3.1913406691866935,13,stay
40.52918237724697,9.34331090316676,2,stay
71.58915007464947,1.5424065126060476,13,stay
56.66235996417151,9.409924241249628,19,stay
97.89400784702222,4.16460418515671,3,stay
88.9483246194996,1.9127874560429485,10,stay
88.68300932977965,5.372845832676931,2,stay
62.80852118564792,3.3109891094845714,13,stay
59.037365163636565,3.5638561176573056,19,stay
49.13849503514943,3.765609684336579,17,leave
33.9462847655649,8.22723308049397,14,stay
90.53056633785373,5.85245149007729,12,stay
86.90307063910544,3.8017692924040327,12,stay
99.98023713002914,6.493004049798265,11,stay
99.76457859517338,7.445356068008742,7,stay
68.88021939218392,3.453616006601804,4,stay
83.82911906263573,4.7219419137281635,19,stay
96.13360109176996,2.096974840032528,1,stay
89.47531734741881,2.630344145812123,3,stay
47.31436712202384,7.130060685684845,13,stay
61.53808947170654,2.6329451292606425,15,stay
39.04115906060465,5.726470453003541,2,leave
96.78357190811056,7.381416355501894,11,stay
72.4322244115616,1.9618923078526946,4,stay
46.00499638524239,6.105809976660132,19,leave
77.01904790840997,3.309065053312274,17,stay
73.26897683205272,9.666341877138219,3,stay
55.071390262298834,5.351910820479323,18,stay
37.94903145397403,8.253932947976423,8,stay
77.01012369149598,5.952038879406356,19,stay
66.42153906326553,1.3907127956933725,5,stay
84.06228742149474,6.698362380346201,7,stay
66.41144507783955,9.562630079859913,8,stay
89.65270502229781,6.414506381316981,5,stay
68.633478714214,8.372699734841111,17,stay
69.26565800747704,8.957858170135669,5,stay
91.36575218608415,3.0527179475403923,4,stay
58.243800634867796,2.90840355917404,19,stay
39.38106599154485,6.498828899658926,2,leave
32.014787341933726,4.699256228260342,11,leave
82.85960789715332,8.558751725800484,13,stay
73.42166859474253,9.1002081105821,15,stay
79.28558376694565,4.180792413724463,12,stay
44.90749130562375,3.1318350307703384,11,leave
39.54600329107389,8.024729637194756,7,stay
31.018126596751735,3.4732543199332246,5,leave
54.54112911646179,8.403528866623105,17,stay
71.29423807982431,4.813644282838865,9,stay
57.45708315698126,7.0079490936232345,14,stay
60.62324454166104,1.8598178245120136,12,stay
93.29110861456239,6.614733922089157,6,stay
54.37788269163103,5.065909108635062,17,stay
65.97926424118675,6.279476168579267,19,stay
84.85571089188002,2.5121278697037708,19,stay
57.75799476248891,7.631863704497639,16,stay
73.54606901595115,8.765173697889058,12,stay
90.36545961227216,2.9506582008169806,12,stay
96.46644365603495,1.8614309996814555,6,stay
40.295143665032654,1.2127472744170276,4,leave
94.86113376130461,6.777743503989394,6,stay
64.44814051556767,6.463846324799027,11,stay
48.07710718092709,5.92027671442663,1,leave
62.13950293667829,3.087523865043779,15,stay
98.6022802699834,4.518153963149632,11,stay
64.48326657950088,6.350287016675558,19,stay
53.012612720125574,5.470901729732525,18,stay
74.3380598021708,9.890069681933985,17,stay
46.810193314473516,2.227957773010598,19,leave
35.310432967606474,7.256300986428344,14,stay
39.02158053374545,4.638868912938629,18,leave
38.96320872704407,4.853796534330533,19,leave
40.633188545860605,7.458379890923586,15,stay
39.71790208545871,7.231925361919327,15,stay
74.86123213622503,9.921303943319694,4,stay
42.731605907940136,2.155548605087127,7,leave
54.19670983267042,1.936986844457497,13,stay
92.77518869342083,7.51904935415867,3,stay
63.177314818401065,6.205482253057681,16,stay
76.72904169647191,3.4674459990382527,9,stay
42.06239098411409,1.7147743209008794,8,leave
43.46023131660695,1.770924246367875,13,leave
32.86080313865352,9.047717871977065,17,stay
41.82545441505152,2.726805922468686,17,leave
49.501323732237104,3.9103440590396867,17,leave
42.39073389937228,3.039907620042892,1,leave
36.20917736299389,4.194966752487436,8,leave
38.44451097704206,1.6248145847148403,19,leave
62.254513762290806,5.671538118174434,6,stay
44.44336028840547,1.6085130723299341,3,leave
55.498890273365284,8.203208570401255,5,stay
65.23920895983998,3.103408737193897,13,stay
78.32763800405557,5.860107231440596,15,stay
32.751849788876925,8.920711788053124,14,stay
85.95872792363298,6.8578963214247475,16,stay
73.95302726436354,5.796620078962018,18,stay
35.72313223642104,3.9190037780383804,11,leave
91.15050368747441,3.9970172175237813,3,stay
94.46106803722692,7.025382596783711,10,stay
34.275457189840466,9.947254250990508,10,stay
49.38143537030426,6.9565527086444074,16,leave
86.4340895855143,6.020050756330225,12,stay
82.37817832685609,7.575854592153215,2,stay
42.91647135494641,5.186850510553463,9,leave
44.65445263356972,1.541281083407067,3,leave
55.93304719539674,6.0606713429011885,15,stay
63.916608963371495,9.618627560548422,3,stay
73.27783400712072,2.577726481218937,19,stay
55.82395476988407,7.210044017385991,18,stay
62.37743012932035,2.8084031979315083,8,stay
82.32296566936296,5.822449160257731,17,stay
32.56782420234185,1.8700880468204766,8,leave
47.67058610408145,5.053338426323666,7,leave
79.93447101191867,7.805469960057215,7,stay
92.66447863810396,4.128143718150839,3,stay
65.81742094809663,6.984205520384962,1,stay
67.24794396857209,8.159049647107562,4,stay
37.502040793784325,9.344600375315075,5,stay
61.318865677641824,3.111778736699082,1,stay
67.28320865185162,4.593843242283773,15,stay
46.97293525443108,2.371744119973757,5,leave
48.84702616645667,9.932351519425376,13,stay
56.409891417323585,9.343008711318658,8,stay
31.404983844440846,5.859614172525037,8,leave
52.54554159082248,8.578299649387791,5,stay
44.801360489758125,5.6886217954483795,9,leave
52.924814652454025,6.612271192024838,1,stay
38.38334922734759,1.8021198890441497,4,leave
92.33690965179264,7.797433784471272,3,stay
71.5514717487834,2.1494213527171135,2,stay
77.53716234011426,8.434608672272756,8,stay
85.24198670251369,8.038252789033473,9,stay
64.89095392503401,7.378702279686788,2,stay
36.084420166119656,1.325443424722859,14,leave
67.59745792729834,3.7281552035079573,14,stay
71.07887826146154,3.368013129197586,4,stay
82.1807631929031,4.241227667243672,6,stay
60.21616823607756,1.7887847208745469,11,stay
38.93062119568946,9.432620407279565,3,stay
49.864313405910714,5.9842201664113865,8,leave
55.41576074790446,3.749718795922212,3,stay
75.2142068932121,4.5728336536685505,14,stay
69.95448132682384,5.024822864543521,13,stay
54.92677081284924,6.405349000245556,13,stay
99.05606741550858,5.6411148492684795,2,stay
72.4042373549821,9.274527758929755,13,stay
46.60587542151961,5.472671346152472,19,leave
37.12477308342826,9.929422133409814,6,stay
40.70013974290324,8.662824619705862,16,stay
47.21704098691557,2.8765946292160223,2,leave
41.2476961281689,9.375356931795245,8,stay
43.0596916835914,2.0472975809692846,17,leave
49.956661808569294,8.357047376420724,2,stay
42.13615167063284,4.4256096412892205,10,leave
92.77357972384976,8.901768884005627,16,stay
35.61636219631495,8.812510210967053,6,stay
66.71579726991783,8.253328601058591,2,stay
58.72777788927631,8.110273926763552,2,stay
98.76650318360245,3.742112251882367,13,stay
37.842723151763664,1.7282735474612696,15,leave
57.84989193320192,4.626821608886453,2,stay
97.86293032927583,2.561720634878578,7,stay
90.58549881257862,7.254559800122156,3,stay
87.19504496644959,4.11489753884007,8,stay
48.05319789314579,9.780491807739233,14,stay
41.96213111730461,6.768748696107988,7,leave
76.80502539471017,8.40232507270925,7,stay
95.05631923893101,2.192722054676636,1,stay
68.97340251097509,8.758130340453603,17,stay
70.01288826289299,9.30481471462055,9,stay
49.59853655621989,5.3835572693704234,13,leave
83.86450532343558,6.456276439758797,19,stay
43.093062399026635,7.883288208126959,19,stay
52.657546548297056,2.573547645343713,17,stay
59.780550703149174,5.523094688170982,10,stay
65.53272650791186,4.587967249950818,10,stay
46.968681269055615,2.317365929460242,4,leave
38.03857773174425,4.307809800623783,8,leave
72.74340297091427,1.6135507844694421,18,stay
50.2041387268179,1.232307162545383,14,stay
70.68667549958286,2.2164966023934047,18,stay
40.80539006919416,9.668036004302564,14,stay
63.67980712983722,5.945765823055153,15,stay
67.281260278611,9.69239945037898,4,stay
33.62764757756988,4.892480904971188,13,leave
53.56229947357444,3.806345197767336,8,stay
39.409027385728194,5.555276765562197,18,leave
34.43624793309374,4.955605197696191,12,leave
99.29721626729616,1.9509821583556952,14,stay
52.56476914823061,6.767436832211856,2,stay
86.69121120982444,2.9443436425863965,18,stay
47.82484583346347,6.576291594080466,2,leave
77.70519055567505,6.85180983158338,11,stay
83.21595019227806,2.368223678157833,9,stay
71.6947118425491,1.5521466439960134,12,stay
63.010333198511084,8.026854274615959,17,stay
58.8288639903088,5.138203813923882,15,stay
54.42077865800967,1.523474159549282,17,stay
95.06704009734781,9.953796854527905,18,stay
88.14335854514104,1.5200250489672997,6,stay
97.55188374665588,7.255317059726979,17,stay
38.70080564398813,9.853110327370722,18,stay
81.1607232642551,3.1526209379433308,8,stay
95.68383197747265,2.2802443181847654,9,stay
42.68631463159621,2.09246445480186,6,leave
34.654738715674426,3.72947632810836,5,leave
81.87844545030413,1.9094122990958202,12,stay
70.21311792259382,7.229452075247187,11,stay
88.92801437307904,1.5606261831705641,1,stay
39.78406636384027,5.584799153348108,11,leave
85.66871183019231,9.970271684676792,19,stay
44.11391240334211,8.325732425554168,9,stay
41.455916000599316,6.536974944079098,2,leave
41.49860585516951,3.756282587079505,12,leave
87.02023041619674,6.6150625266247465,4,stay
76.563805448734,5.743373175204865,4,stay
66.61457973383835,4.834750455013343,18,stay
55.118133888645175,2.1763933906617954,15,stay
91.40403785691758,8.9794379371642,19,stay
57.47115751958448,5.048061839391902,13,stay
87.1619607630104,2.7516026063868857,19,stay
60.73944359991529,4.309834157895606,17,stay
56.38611005974353,4.727167772760343,6,stay
62.38758499687245,8.447841060101869,16,stay
51.09645119148995,7.6025294250526185,12,stay
82.33265661233759,7.923744042772058,19,stay
65.19042730647354,1.099281379857825,5,stay
46.25488866027721,4.745385983617854,17,leave
92.9702201292198,5.332097364717913,1,stay
56.8723854961248,1.1727304914075103,10,stay
68.04870027797921,3.3383188787053077,15,stay
93.45304776751829,7.842608408099215,11,stay
73.69665971397944,2.2339873515609914,13,stay
38.18286284958548,5.817791183073325,5,leave
95.78824865294325,2.9368168481551375,1,stay
73.93956371499925,1.1090869717950396,12,stay
53.44339302599603,3.1708131183958734,11,stay
39.74904508643711,9.782863794190485,17,stay
85.58176324892071,8.213834006946907,4,stay
73.40509291499595,9.636189798889301,15,stay
67.34227643834251,5.390686395337262,9,stay
92.57248081356704,1.9876257880975317,19,stay
85.20180478571714,5.931635400763237,19,stay
40.61724158129258,5.089396011039648,12,leave
51.82054474568838,8.599213744656543,5,stay
47.3942397870126,1.8827432270582012,10,leave
82.07624048008739,5.394170233196004,17,stay
32.347270431504555,2.3504379822458583,5,leave
69.89227794099216,3.9220833420105397,16,stay
83.37210800184835,7.636213696490197,7,stay
91.37359457332246,5.284163164318898,9,stay
53.94572241011352,4.382994566311924,3,stay
87.48801132704091,4.550286507130318,15,stay
37.744221586864505,5.13502091565388,16,leave
89.25166042141628,8.065148894533511,18,stay
38.92420636323877,9.02876220046211,14,stay
57.81011033922571,9.598012178535354,3,stay
85.81067560456876,8.082130476297657,12,stay
40.49421991441417,3.8386620617321148,9,leave
46.0475976662849,7.193212354778879,7,stay
80.55767978751464,4.938428116498527,9,stay
80.4025575582252,3.2920355984144605,13,stay
74.8803343019708,8.567844214833304,18,stay
78.576391112697,1.345837140660925,5,stay
67.99071103433172,9.115857929218812,13,stay
47.625934123486694,5.153297181622607,4,leave
54.19871954527436,6.7348132912745236,2,stay
42.7118401760998,6.934185299852045,16,leave
93.59153929335397,9.056059666358827,9,stay
70.83742563362844,6.730027139504866,9,stay
58.05959917345479,6.525402262840556,6,stay
62.340406255089285,1.5998683650462096,11,stay
96.30983377282708,5.6656721975068365,1,stay
40.73459821812561,2.3515210073533748,4,leave
71.0360882411758,7.6369039184933705,13,stay
65.41220752191262,5.60999728731407,13,stay
72.80179648042534,7.12205001287518,13,stay
31.267712867458837,1.3750561054214585,2,leave
91.0486736260906,1.7631281444122289,9,stay
95.24827977385287,7.4469104925641405,8,stay
69.55932285124462,1.6487590239880603,7,stay
78.76555767138245,1.6413105498873275,4,stay
94.5749566824107,1.108976277113987,18,stay
79.5067044019379,9.60851258469532,3,stay
40.6777330039983,7.637575235131062,6,stay
70.34018521167692,4.179262676518578,12,stay
72.47005324679992,3.668820231588897,12,stay
59.68914699116702,4.147329067712646,8,stay
81.5510964937306,7.971881780630636,1,stay
95.40569103383103,6.95233549963373,4,stay
94.78979590347434,2.6667601108072114,11,stay
61.55875599828924,2.5669840180067593,3,stay
37.926663208852865,1.8855608474205758,13,leave
98.93888392736342,6.942724477312043,17,stay
88.72286605121539,7.8793539599956235,10,stay
38.72638768422868,3.385417854925036,12,leave
94.45893178321606,1.1885046492782152,15,stay
90.89274534434898,1.739545007287846,10,stay
66.31866399882504,9.710740313605275,14,stay
71.38928050214506,3.659002997296782,13,stay
57.93018927090912,7.923008330543203,5,stay
33.833314717542194,6.621972119688374,6,leave
53.46380691521307,4.437456756876063,2,stay
86.19974140186079,2.851185359759996,17,stay
30.3242416103222,2.092477763434658,4,leave
53.344942018380095,6.5351167123498,14,stay
57.87180855136603,7.971704025740092,10,stay
67.6176922056546,6.795138281870176,3,stay
94.38989314889324,5.772719199242425,3,stay
54.24421960561729,1.3775610108847265,15,stay
54.28672413273594,9.716398998349455,6,stay
81.62508736768238,8.18842772489117,17,stay
61.6552558622865,3.6353983303086825,12,stay
45.722337605798735,9.819732964229656,11,stay
61.67076612928854,6.416934306726899,4,stay
39.85999142658599,6.241803923865218,6,leave
42.34708905543563,7.732658614865789,1,stay
64.88574409176358,8.305928092811238,16,stay
59.32478146531835,6.9083074659835235,15,stay
94.039213074767,2.1528617172958002,17,stay
55.367572938164315,4.044407553950485,8,stay
70.64118451946304,9.352752762934447,12,stay
74.25850015436713,3.0215405065946674,10,stay
30.916611961183353,4.34950321453762,15,leave
76.44761604116974,4.888691946497763,9,stay
42.4625176808826,4.95464490725007,2,leave
97.27492222286186,6.5164562424507295,5,stay
40.406390942717906,9.487682539702368,6,stay
59.023688660891665,3.1662344064925447,7,stay
35.974476765505074,2.0935123867082623,1,leave
99.78119762921631,2.777234408739436,7,stay
65.15365072318698,8.982324101883425,12,stay
71.67695121240307,6.812297313896854,16,stay
34.69535341718992,3.573161103152441,16,leave
82.49723292794245,8.343522450717554,11,stay
44.693391516691,8.752329967270924,4,stay
92.86380026084996,8.618629048212503,13,stay
44.3597748337405,9.27033880275599,7,stay
43.34814044645666,3.270169181560254,4,leave
32.55847674936664,7.795377358716505,15,stay
63.04468615769995,5.14485547546726,19,stay
69.53887932838315,8.577986976010553,9,stay
34.599604759984665,7.5564160944545185,11,stay
84.28693316865073,7.9880270184975215,8,stay
61.73021843236194,6.905456539129643,1,stay
66.7073188529306,2.596858925227362,8,stay
60.853392285675966,5.905242270072445,13,stay
58.05341426127282,9.862027655720574,4,stay
69.17482319157526,9.43649259847407,8,stay
40.86681721514988,1.388563622173105,3,leave
42.73496913466898,2.483333341564934,9,leave
90.32499347094621,2.1855589610910573,2,stay
96.2280823493543,7.53381918986766,2,stay
56.131652139582705,8.360067968712507,13,stay
48.952127120048765,2.9216022967960473,15,leave
75.07996802673111,5.552674236566461,12,stay
58.61139197686675,8.5663272521008,4,stay
31.77704489622414,7.595213902896255,8,stay
40.93068181563332,5.880134849426635,9,leave
80.11805601931783,6.313129214128956,5,stay
76.12467593371059,5.57524492224652,18,stay
31.896719475243845,3.677936061869385,11,leave
45.53805133530646,6.085197935731145,15,leave
46.175235761165,7.199967718450816,9,stay
77.03249205191099,8.859906242747268,17,stay
31.37973764280549,6.726622185813232,12,leave
37.28760073892017,7.850093833388422,7,stay
85.99412597612326,2.4406447145911567,10,stay
42.49812634380335,5.154017269778109,10,leave
75.69222754963123,1.0839845784438396,13,stay
46.67279467327086,3.220109780694607,19,leave
36.960897493154164,7.5381554360170435,11,stay
47.02205336996178,9.926289562144271,13,stay
80.55868522989614,1.8926028962849433,8,stay
89.89875276744,4.613448842751595,8,stay
88.11539051968941,8.200638718292435,4,stay
57.80284707329184,2.8363207116600897,15,stay
76.76595955994523,5.995764543720576,11,stay
44.348900679107466,7.597641664267073,11,stay
50.52034111827093,6.543869052341611,1,stay
92.74350729647838,2.692222611538745,17,stay
30.910134645751523,4.198461118171655,15,leave
35.98559715981277,8.054126060368574,6,stay
44.552037860221915,5.98803862718815,15,leave
31.85725427116738,1.0470665218862147,9,leave
42.70048045628581,7.848916840252844,14,stay
70.81290926787845,1.3178021944621516,18,stay
59.499718541474856,7.711604044581089,17,stay
92.48701977538823,2.8223250414871366,18,stay
87.22104932169086,9.622661321074421,5,stay
53.927214618851316,4.31146676171876,9,stay
48.15964034019048,3.942384547042712,11,leave
56.57846857170868,2.339992452992002,1,stay
71.32064597603654,3.750437939411934,18,stay
48.764454857601336,8.889856856453804,6,stay
73.69042354943937,9.967009038645227,2,stay
58.65881565338683,4.314785774561635,15,stay
68.64330265963861,5.037495678590883,14,stay
60.52885703947217,7.498638443824634,5,stay
50.61260316793424,8.97576202418567,6,stay
96.39173148735097,6.337399007681057,6,stay
83.45240559118326,4.523731283600464,18,stay
39.80792230365168,4.713596567637614,14,leave
90.79275831285389,7.260563318471262,10,stay
64.12018387746596,1.0289643724385082,14,stay
92.61865588258641,6.576304037138566,13,stay
85.98986791631206,4.199437093972216,3,stay
59.764945312846336,8.147775981493758,6,stay
31.57285158240822,1.8369157584081894,8,leave
48.80741515694623,6.2938204025355144,12,leave
67.91439502626068,5.328756008975113,13,stay
74.34347538783031,6.780929733147047,11,stay
48.05213798032416,1.5836823503467152,12,leave
39.75492518509769,6.219854086853181,1,leave
88.44511657595095,6.053361291635714,17,stay
98.90815264924865,6.045940849745539,16,stay
66.79831276118801,6.431388999368093,11,stay
42.017550009381246,7.08821143503726,13,stay
49.061512856355826,8.244900997126928,18,stay
31.28734735832267,3.428386481153929,11,leave
94.00091645923493,8.425444691620559,12,stay
38.24257580230988,5.484301140371082,6,leave
70.35615328599775,1.6935245122089806,9,stay
49.18386544810442,1.5269583631958128,16,leave
68.79246017610554,4.008144868264547,4,stay
75.59942718463049,8.064072794003208,3,stay
88.08192625950412,7.369128412668242,16,stay
44.44948902324222,8.09753468205166,12,stay
30.769708006093634,5.655421507974484,11,leave
39.58199410481651,4.961790981599415,5,leave
93.00130492936736,2.3270727403565554,18,stay
91.17230542937607,3.953734782483804,19,stay
71.81891715192158,4.9061742955648775,6,stay
72.03618023035574,1.797403867116555,18,stay
76.55256721823788,2.985507574400901,6,stay
42.27598950364147,6.384027646573649,4,leave
94.00883621474719,7.620968028152708,12,stay
59.31393674244512,9.985127602536547,19,stay
56.81969697746482,9.39801998209202,2,stay
66.32423936979862,6.783086795816724,17,stay
33.28761767425385,4.791232479646649,11,leave
41.639835812925554,6.725596282374094,11,leave
81.66235314984593,8.070864562722088,16,stay
35.79590675475885,2.065025718310486,2,leave
72.22064766264717,4.689144007266594,2,stay
47.17443767769247,8.558220570720554,8,stay
57.25069298293836,4.4544965673973955,13,stay
50.20856157394899,6.146850441044679,10,stay
54.89709015254644,6.289924247759784,8,stay
80.33321336289718,2.6602862782027543,4,stay
50.79852009362225,4.260118974870595,15,stay
69.6483248207828,4.01060159867739,1,stay
63.32352815393698,1.235770376788583,11,stay
76.45698157538537,1.217725875022197,7,stay
95.57808175273306,8.485273393081961,17,stay
81.28004680471753,3.457637289755312,18,stay
45.04582650135298,5.662708896149339,12,leave
32.18281945428993,3.6885301622989575,9,leave
48.358483100987755,9.466113206038065,5,stay
71.65545514901784,3.3336708297919637,10,stay
33.599806943897526,4.866911314650416,4,leave
64.74563730408654,8.854572254361416,5,stay
71.77899942418225,8.577402101126278,10,stay
53.397072357187255,2.674912760616496,11,stay
83.96385426220753,8.223789788161394,10,stay
37.461877719364026,5.123681980641034,8,leave
35.25964472150661,5.346719848768197,2,leave
80.97321293425223,2.201319751743494,8,stay
64.68439213443389,1.7254136238141218,16,stay
78.18816774994153,7.551453762763886,5,stay
60.437913702262236,5.468150371197698,3,stay
47.24814232673748,4.931656323536616,12,leave
87.33716223719398,7.5655740578715704,13,stay
85.95911152782855,7.889616090919988,13,stay
78.62875295980987,2.430173509024182,10,stay
49.05015960609739,6.492026345298772,4,leave
71.3161466808361,2.2181867404991698,9,stay
55.26817278580188,7.762375774261411,2,stay
36.41074513286439,6.912596406404256,19,leave
94.211950282357,9.609531589751121,1,stay
39.5773041643273,1.6206221472077906,7,leave
96.51661476745618,1.5134924903612887,17,stay
61.2204041070569,3.539683672238801,3,stay
